time,energy,work,dissipation,balance_defect,divergence_max,pressure_error_max
0.0,10.670951917543144,0.0,0.0,0.0,1.0547118733938987e-15,0.0
0.02,11.02616390009203,0.43027504865151983,0.07506306610263119,-3.1086244689504383e-15,3.3861802251067274e-15,2.45029690981724e-17
0.04,11.385230659274539,0.8668762032573827,0.1525974615259827,-5.2735593669694936e-15,3.3861802251067274e-15,1.6479873021779667e-17
0.06,11.747351620692362,1.3090268119626556,0.2326271088134345,-3.6637359812630166e-15,5.2735593669694936e-15,2.168404344971009e-17
0.08,12.111687867320567,1.7559062073946203,0.3151702576171937,-3.608224830031759e-15,5.495603971894525e-15,2.42861286636753e-17
0.1,12.477364574275674,2.206651884403335,0.4002392276707985,-6.827871601444713e-15,5.398459457239824e-15,2.7755575615628914e-17
0.12,12.843473733145647,2.6603619852183336,0.48784016961582677,-4.218847493575595e-15,6.328271240363392e-15,3.122502256758253e-17
0.14,13.209077152622065,3.116098080720379,0.5779728456414517,-6.439293542825908e-15,6.356026815979021e-15,4.163336342344337e-17
0.16,13.573209720276054,3.5728882345300494,0.6706304317971297,-9.769962616701378e-15,7.382983113757291e-15,2.7755575615628914e-17
0.18,13.934882908512012,4.029730334696398,0.7657993437275191,-1.1213252548714081e-14,6.716849298982197e-15,3.469446951953614e-17
0.2,14.293088506029147,4.485595675941398,0.8634590874553892,-6.328271240363392e-15,6.994405055138486e-15,4.163336342344337e-17
0.22,14.646802554530954,4.939432773691358,0.9635821367035372,-1.1435297153639112e-14,7.882583474838611e-15,4.163336342344337e-17
0.24,14.994989468957904,5.390171389516191,1.0661338381014156,-1.5987211554602254e-14,7.105427357601002e-15,4.163336342344337e-17
0.26,15.336606318187833,5.83672674611189,1.1710723454671836,-1.7541523789077473e-14,7.771561172376096e-15,4.163336342344337e-17
0.28,15.670607241961541,6.278003908610602,1.278348584192188,-1.709743457922741e-14,7.16093850883226e-15,4.163336342344337e-17
0.3,15.995947978754788,6.712902307795141,1.38790624658348,-1.687538997430238e-14,7.438494264988549e-15,5.551115123125783e-17
0.32,16.311590478439854,7.140320379738679,1.4996818188419463,-2.2870594307278225e-14,7.771561172376096e-15,5.551115123125783e-17
0.34,16.616507572865714,7.559160295492687,1.6136046401700956,-2.0872192862952943e-14,9.2148511043888e-15,5.551115123125783e-17
0.36,16.909687676940518,7.968332753713038,1.7295969943156424,-2.19824158875781e-14,8.881784197001252e-15,5.551115123125783e-17
0.38,17.190139492427605,8.36676180855044,1.8475742336659573,-2.1538326677728037e-14,9.103828801926284e-15,6.938893903907228e-17
0.4,17.456896686468674,8.75338970474096,1.967444935815406,-2.3092638912203256e-14,8.992806499463768e-15,6.938893903907228e-17
0.42,17.7090225168275,9.127181691618174,2.0891110923337934,-2.6201263381153694e-14,9.325873406851315e-15,8.326672684688674e-17
0.44,17.94561437600426,9.487130787731951,2.212468329270805,-2.886579864025407e-14,8.770761894538737e-15,5.551115123125783e-17
0.46,18.16580822670416,9.832262467900746,2.3374061587397,-2.842170943040401e-14,9.769962616701378e-15,8.326672684688674e-17
0.48,18.36878290165216,10.161639244843837,2.463808260734792,-2.842170943040401e-14,1.0436096431476471e-14,8.326672684688674e-17
0.5,18.553764241425917,10.47436511803545,2.5915527941526513,-2.6645352591003757e-14,1.0436096431476471e-14,6.938893903907228e-17
0.52,18.720029044826823,10.769589863091344,2.720512735807634,-3.064215547965432e-14,1.099120794378905e-14,8.326672684688674e-17
0.54,18.8669088073198,11.04651313583616,2.850556246059476,-2.842170943040401e-14,1.0325074129013956e-14,8.326672684688674e-17
0.56,18.993793224239507,11.304388366201714,2.981547059505317,-3.375077994860476e-14,1.124100812432971e-14,8.326672684688674e-17
0.58,19.100133436777444,11.542526418266137,3.1133448990318016,-3.552713678800501e-14,1.1102230246251565e-14,8.326672684688674e-17
0.6,19.185445000221847,11.760298994054457,3.2458059113757183,-3.597122599785507e-14,1.1102230246251565e-14,5.551115123125783e-17
0.62,19.24931055551265,11.95714176017462,3.3787831222050766,-3.730349362740526e-14,1.1435297153639112e-14,8.326672684688674e-17
0.64,19.291382186885915,12.132557177950128,3.5121269086073164,-4.04121180963557e-14,1.2656542480726785e-14,8.326672684688674e-17
0.66,19.311383450206247,12.28611701942159,3.645685486758445,-4.3076653355456074e-14,1.2212453270876722e-14,1.1102230246251565e-16
0.68,19.309111058510062,12.417464553413883,3.7793054124469188,-4.574118861455645e-14,1.2656542480726785e-14,1.3877787807814457e-16
0.7000000000000001,19.28443621329519,12.526316387791862,3.9128320920397686,-4.707345624410664e-14,1.199040866595169e-14,8.326672684688674e-17
0.72,19.237305572180517,12.612463956043753,4.046110301406333,-4.618527782440651e-14,1.2212453270876722e-14,8.326672684688674e-17
0.74,19.167741845710303,12.675774638424704,4.178984710257492,-5.3290705182007514e-14,1.1879386363489175e-14,1.1102230246251565e-16
0.76,19.07584401827778,12.716192510050591,4.311300409315898,-5.684341886080802e-14,1.27675647831893e-14,1.3877787807814457e-16
0.78,18.961787190377706,12.733738710540267,4.442903437705644,-6.128431095930864e-14,1.1879386363489175e-14,1.1102230246251565e-16
0.8,18.825822041654213,12.728511432049437,4.5736413079383045,-6.394884621840902e-14,1.2323475573339238e-14,1.1102230246251565e-16
0.8200000000000001,18.668273916473623,12.70068552480695,4.703363525876409,-6.217248937900877e-14,1.2656542480726785e-14,1.1102230246251565e-16
0.84,18.48954153600821,12.650511721540346,4.831922103075219,-5.950795411990839e-14,1.2656542480726785e-14,1.1102230246251565e-16
0.86,18.29009534305179,12.578315484447677,4.959172058938969,-6.306066779870889e-14,1.2823075934420558e-14,1.1102230246251565e-16
0.88,18.070475487987338,12.484495480622684,5.084971910178427,-6.306066779870889e-14,1.2934098236883074e-14,8.326672684688674e-17
0.9,17.831289466476857,12.369521694056143,5.209184145122362,-6.838973831690964e-14,1.27675647831893e-14,1.6653345369377348e-16
0.92,17.573209421530926,12.233933184503718,5.331675680515868,-6.750155989720952e-14,1.3211653993039363e-14,1.1102230246251565e-16
0.9400000000000001,17.296969124626262,12.078335505616307,5.452318298533121,-6.838973831690964e-14,1.354472090042691e-14,1.1102230246251565e-16
0.96,17.00336065246219,11.903397796759398,5.570989061840279,-7.194245199571014e-14,1.3322676295501878e-14,1.1102230246251565e-16
0.98,16.69323077776821,11.709849564890575,5.68757070466544,-6.927791673660977e-14,1.3100631690576847e-14,1.1102230246251565e-16
1.0,16.367477094284,11.498477174706828,5.801951997965902,-7.194245199571014e-14,1.2823075934420558e-14,1.6653345369377348e-16
1.02,16.02704389761941,11.2701200670041,5.91402808692776,-7.37188088351104e-14,1.2823075934420558e-14,1.6653345369377348e-16
1.04,15.672917845154624,11.025666726799729,6.023700799188175,-7.460698725481052e-14,1.2989609388114332e-14,1.6653345369377348e-16
1.06,15.306123419451456,10.766050424243875,6.13087892233549,-7.37188088351104e-14,1.4099832412739488e-14,1.6653345369377348e-16
1.08,14.927718220806833,10.492244752679557,6.235478449415796,-7.283063041541027e-14,1.3988810110276972e-14,1.6653345369377348e-16
1.1,14.538788115581664,10.205258989394029,6.337422791355432,-7.72715225139109e-14,1.3822276656583199e-14,1.6653345369377348e-16
1.12,14.140442267776486,9.906133305629593,6.436642955396171,-8.08242361927114e-14,1.326716514427062e-14,1.6653345369377348e-16
1.1400000000000001,13.733808081993843,9.595933853283103,6.533077688832323,-8.171241461241152e-14,1.2823075934420558e-14,1.6653345369377348e-16
1.16,13.3200260864225,9.275747756414932,6.6266735875354925,-8.348877145181177e-14,1.3489209749195652e-14,1.6653345369377348e-16
1.18,12.900244784796918,8.94667803620591,6.71738516895205,-8.615330671091215e-14,1.3766765505351941e-14,1.1102230246251565e-16
1.2,12.475615506425033,8.60983849834125,6.805174909459278,-8.43769498715119e-14,1.3822276656583199e-14,1.1102230246251565e-16
1.22,12.04728728333753,8.266348611961893,6.890013246167421,-8.615330671091215e-14,1.3211653993039363e-14,1.6653345369377348e-16
1.24,11.616401783392789,7.91732840930493,6.971878543455198,-8.704148513061227e-14,1.3711254354120683e-14,1.6653345369377348e-16
1.26,11.184088327774585,7.563893434956123,7.050757024724589,-9.237055564881302e-14,1.3433698597964394e-14,1.6653345369377348e-16
1.28,10.751459020747678,7.2071497732601815,7.126642670055555,-9.237055564881302e-14,1.3156142841808105e-14,2.220446049250313e-16
1.3,10.319604018792454,6.84818918188108,7.199537080631676,-9.414691248821327e-14,1.1879386363489175e-14,2.220446049250313e-16
1.32,9.88958696532945,6.4880843587786785,7.269449310992278,-9.50350909079134e-14,1.2378986724570495e-14,1.6653345369377348e-16
1.34,9.462440616172746,6.127884368974054,7.336395670344357,-9.50350909079134e-14,1.2989609388114332e-14,1.1102230246251565e-16
1.36,9.039162679625605,5.768610256419915,7.400399494337358,-9.681144774731365e-14,1.226796442210798e-14,1.1102230246251565e-16
1.3800000000000001,8.620711893759458,5.411250865081096,7.461490888864685,-9.769962616701378e-14,1.199040866595169e-14,1.6653345369377348e-16
1.4000000000000001,8.208004361907488,5.056758891971054,7.519706447606614,-9.592326932761353e-14,1.2490009027033011e-14,1.5265566588595902e-16
1.42,7.8019101657662215,4.706047193392353,7.575088945169177,-9.85878045867139e-14,1.2378986724570495e-14,1.249000902703301e-16
1.44,7.4032502737429615,4.359985364001702,7.627687007801786,-9.85878045867139e-14,1.2101430968414206e-14,1.6653345369377348e-16
1.46,7.01279376032479,4.019396606573737,7.677554763791992,-9.947598300641403e-14,1.2101430968414206e-14,1.6653345369377348e-16
1.48,6.6312553502882885,3.685054908483453,7.724751475738209,-9.947598300641403e-14,1.199040866595169e-14,1.6653345369377348e-16
1.5,6.259293299530029,3.3576825389768192,7.7693411569898325,-1.021405182655144e-13,1.2490009027033011e-14,1.6653345369377348e-16
1.52,5.897507622189712,3.0379478792651087,7.8113921746184385,-1.021405182655144e-13,1.2545520178264269e-14,1.6653345369377348e-16
1.54,5.5464386715735365,2.7264635953736853,7.850976841343189,-1.0391687510491465e-13,1.1934897514720433e-14,1.3877787807814457e-16
1.56,5.206566080179039,2.423785161513915,7.888170998877915,-1.056932319443149e-13,1.1435297153639112e-14,1.6653345369377348e-16
1.58,4.878308061887881,2.130409739541148,7.923053595196305,-1.056932319443149e-13,1.199040866595169e-14,1.6653345369377348e-16
1.6,4.562021077144388,1.8467754178264084,7.955706258225057,-1.0746958878371515e-13,1.2434497875801753e-14,1.6653345369377348e-16
1.62,4.257999859689006,1.573260810618716,7.986212868472745,-1.092459456231154e-13,1.2101430968414206e-14,1.6653345369377348e-16
1.6400000000000001,3.9664778011816413,1.3101850167231062,8.0146591330845,-1.1013412404281553e-13,1.1879386363489175e-14,1.6653345369377348e-16
1.6600000000000001,3.687627687844166,1.0578079340807134,8.041132163779583,-1.0835776720341528e-13,1.2156942119645464e-14,2.220446049250313e-16
1.68,3.421562781088112,0.8163309246259116,8.065720061080835,-1.0835776720341528e-13,1.1879386363489175e-14,1.6653345369377348e-16
1.7,3.168338231986456,0.5858978216254644,8.088511507182044,-1.0835776720341528e-13,1.1657341758564144e-14,1.6653345369377348e-16
1.72,2.9279528174106777,0.3665962695896633,8.10959536972202,-1.1013412404281553e-13,1.1463052729254741e-14,2.220446049250313e-16
1.74,2.7003509836988124,0.1584593847988944,8.129060318643116,-1.1013412404281553e-13,1.1324274851176597e-14,1.6653345369377348e-16
1.76,2.485425181859337,-0.038532277476099,8.146994458207597,-1.1013412404281553e-13,1.124100812432971e-14,1.6653345369377348e-16
1.78,2.2830184765610997,-0.2244484648534116,8.163484976128522,-1.1013412404281553e-13,1.1074474670635936e-14,2.220446049250313e-16
1.8,2.0929274095221992,-0.3994066963776366,8.178617811643198,-1.1013412404281553e-13,1.0796918914479647e-14,1.6653345369377348e-16
1.82,1.9149050964009457,-0.5635694769241975,8.19247734421789,-1.1191048088221578e-13,1.0630385460785874e-14,1.1102230246251565e-16
1.84,1.7486645349192875,-0.7171412782007236,8.205146104423022,-1.1013412404281553e-13,1.0519363158323358e-14,1.6653345369377348e-16
1.86,1.5938821007218864,-0.8603653084614433,8.216704508359703,-1.1191048088221578e-13,1.0103029524088925e-14,1.6653345369377348e-16
1.8800000000000001,1.450201206400036,-0.993520094290937,8.22723061685206,-1.1191048088221578e-13,9.880984919163893e-15,1.3877787807814457e-16
1.9000000000000001,1.3172360981954623,-1.1169158989010017,8.236799920446568,-1.1191048088221578e-13,1.0075273948473296e-14,1.6653345369377348e-16
1.92,1.1945757641503505,-1.2308910023120796,8.245485151080603,-1.1191048088221578e-13,9.908740494779522e-15,1.1102230246251565e-16
1.94,1.0817879268912785,-1.3358078695529738,8.25335612109878,-1.1191048088221578e-13,9.686695889854491e-15,1.1102230246251565e-16
1.96,0.9784230938295659,-1.4320492336047594,8.260479590108705,-1.1368683772161603e-13,9.992007221626409e-15,1.6653345369377348e-16
1.98,0.8840186373312189,-1.5200141202333217,8.26691915997849,-1.1368683772161603e-13,9.603429163007604e-15,1.6653345369377348e-16
2.0,0.798102877357427,-1.600113842097369,8.272735198088235,-1.1368683772161603e-13,9.478529072737274e-15,1.6653345369377348e-16
2.02,0.720199139201514,-1.672767989583744,8.277984788757772,-1.1546319456101628e-13,9.423017921506016e-15,2.220446049250313e-16
2.04,0.6498297592493457,-1.738400445709203,8.28272171258448,-1.1368683772161603e-13,8.978928711655954e-15,1.6653345369377348e-16
2.06,0.5865200121653005,-1.797435452138512,8.286996453239217,-1.1546319456101628e-13,8.673617379884035e-15,1.6653345369377348e-16
2.08,0.5298019335517128,-1.8502937529047747,8.290856231086542,-1.1546319456101628e-13,8.548717289613705e-15,1.249000902703301e-16
2.1,0.47921801294186567,-1.8973888417825937,8.29434506281857,-1.1546319456101628e-13,8.409939411535561e-15,1.6653345369377348e-16
2.12,0.43432473295969476,-1.9391233384622304,8.297503846121105,-1.1368683772161603e-13,8.243405957841787e-15,1.3877787807814457e-16
2.14,0.3946959316069245,-1.9758855177087709,8.300370468227333,-1.1546319456101628e-13,8.049116928532385e-15,1.6653345369377348e-16
2.16,0.359925965912934,-2.008046014570796,8.302979937059298,-1.1546319456101628e-13,7.868705687030797e-15,1.6653345369377348e-16
2.18,0.32963265659588137,-2.0359547274355974,8.305364533511549,-1.1546319456101628e-13,7.702172233337023e-15,1.6653345369377348e-16
2.2,0.30345999492621684,-2.0599379393209247,8.307553983295886,-1.1723955140041653e-13,7.591149930874508e-15,1.6653345369377348e-16
2.22,0.28108059464561946,-2.0802956762557887,8.309575646641619,-1.1723955140041653e-13,7.452372052796363e-15,1.6653345369377348e-16
2.24,0.26219787356472096,-2.09729931994509,8.311454724033217,-1.1546319456101628e-13,7.174816296640074e-15,1.6653345369377348e-16
2.2600000000000002,0.246547951330229,-2.1111894901455748,8.313214476067223,-1.1723955140041653e-13,7.188694084447889e-15,1.6653345369377348e-16
2.2800000000000002,0.23390125180404114,-2.122174210315396,8.31487645542359,-1.1546319456101628e-13,7.119305145408816e-15,1.1102230246251565e-16
2.3000000000000003,0.22406380052098046,-2.130427368148523,8.316460748873524,-1.1723955140041653e-13,6.987466161234579e-15,1.1102230246251565e-16
2.32,0.2168782097747215,-2.136087480581082,8.317986227187225,-1.1546319456101628e-13,6.890321646579878e-15,1.1102230246251565e-16
2.34,0.21222434600979348,-2.139256770772605,8.31947080076063,-1.1546319456101628e-13,6.689093723366568e-15,1.1102230246251565e-16
2.36,0.21001967635743862,-2.1400005624346337,8.320931678750956,-1.1723955140041653e-13,6.647460359943125e-15,1.3877787807814457e-16
2.38,0.21021929333056133,-2.138346994716018,8.322385629496448,-1.1546319456101628e-13,6.6405214660392176e-15,1.3877787807814457e-16
2.4,0.21281561887392025,-2.134287058672607,8.3238492399965,-1.1723955140041653e-13,6.446232436729815e-15,1.3877787807814457e-16
2.42,0.2178377911359611,-2.1277749541629816,8.325339172244085,-1.1546319456101628e-13,6.349087922075114e-15,1.1102230246251565e-16
2.44,0.2253507394742112,-2.118728763835629,8.326872414233188,-1.1723955140041653e-13,6.1825544683813405e-15,8.326672684688674e-17
2.46,0.23545395531306912,-2.107031438720594,8.328466523509364,-1.1546319456101628e-13,6.050715484207103e-15,8.326672684688674e-17
2.48,0.24827996852748954,-2.0925320878241243,8.330139861191414,-1.1546319456101628e-13,5.960509863456309e-15,1.1102230246251565e-16
2.5,0.26399254101518876,-2.075047562061845,8.331911814465995,-1.1546319456101628e-13,6.00908212078366e-15,8.326672684688674e-17
2.52,0.2827845910307148,-2.054364320867938,8.333803005644375,-1.1546319456101628e-13,5.981326545168031e-15,1.1102230246251565e-16
2.54,0.3048758636746806,-2.030240567897579,8.335835485970769,-1.1546319456101628e-13,5.9674487573602164e-15,8.326672684688674e-17
2.56,0.33051036464886685,-2.002408640409972,8.33803291248419,-1.1546319456101628e-13,5.4817261840867104e-15,9.020562075079397e-17
2.58,0.35995357599167466,-1.970577635191557,8.340420706359797,-1.1546319456101628e-13,5.551115123125783e-15,1.1102230246251565e-16
2.6,0.39348947398815104,-1.9344362522645273,8.34302619129035,-1.1546319456101628e-13,5.773159728050814e-15,1.1102230246251565e-16
2.62,0.4314173707949692,-1.8936558361352114,8.345878710612848,-1.1546319456101628e-13,5.703770789011742e-15,8.326672684688674e-17
2.64,0.4740486025245988,-1.8478935929797096,8.34900972203872,-1.1723955140041653e-13,5.814793091474257e-15,5.551115123125783e-17
2.66,0.5217030875866598,-1.7967959609493427,8.352452869007026,-1.1546319456101628e-13,6.13398221105399e-15,8.326672684688674e-17
2.68,0.5747057799813006,-1.74000210971377,8.356244027847957,-1.1723955140041653e-13,5.88418203051333e-15,8.326672684688674e-17
2.7,0.633383042973547,-1.6771475444520323,8.360421330117449,-1.1723955140041653e-13,6.078471059822732e-15,8.326672684688674e-17
2.72,0.6980589691442003,-1.6078677887571613,8.365025159641666,-1.1546319456101628e-13,6.036837696399289e-15,5.551115123125783e-17
2.74,0.7690516732082946,-1.5318021203432268,8.370098123991506,-1.1901590823981678e-13,5.925815393936773e-15,8.326672684688674e-17
2.7600000000000002,0.8466695842138274,-1.4485973330385455,8.375685000290654,-1.1723955140041653e-13,5.689893001203927e-15,8.326672684688674e-17
2.7800000000000002,0.9312077637799423,-1.3579114983179088,8.381832655445175,-1.1723955140041653e-13,5.856426454897701e-15,6.938893903907228e-17
2.8000000000000003,1.0229442769046753,-1.2594176995716624,8.388589941066687,-1.1901590823981678e-13,6.0645932720149176e-15,5.551115123125783e-17
2.82,1.1221366415685554,-1.1528077124306817,8.396007563543789,-1.1901590823981678e-13,6.050715484207103e-15,5.551115123125783e-17
2.84,1.2290183828837105,-1.0377956047630277,8.404137929896288,-1.1723955140041653e-13,6.2727600891321345e-15,5.551115123125783e-17
2.86,1.3437957168917074,-0.9141212304284704,8.413034970222848,-1.1901590823981678e-13,6.5780714209040525e-15,4.163336342344337e-17
2.88,1.4666443883012963,-0.7815535915181719,8.422753937723558,-1.1901590823981678e-13,6.189493362285248e-15,4.163336342344337e-17
2.9,1.5977066854846973,-0.6398940446145394,8.433351187443789,-1.1901590823981678e-13,5.9396931817445875e-15,4.85722573273506e-17
2.92,1.7370886549243685,-0.4889793275754578,8.4448839350432,-1.1901590823981678e-13,5.9674487573602164e-15,4.163336342344337e-17
2.94,1.8848575360284767,-0.3286843844715982,8.45740999704295,-1.1901590823981678e-13,6.300515664747763e-15,4.163336342344337e-17
2.96,2.041039435820804,-0.1589249675780751,8.470987514144145,-1.1901590823981678e-13,6.217248937900877e-15,3.469446951953614e-17
2.98,2.205617261468586,0.02034000326573579,8.485674659340175,-1.1901590823981678e-13,6.078471059822732e-15,4.163336342344337e-17
3.0,2.378528926949748,0.20910634207097023,8.501529332664248,-1.1901590823981678e-13,6.2450045135165055e-15,3.469446951953614e-17
