theta_over_pi,centered_gradient_times_h,mac_gradient_times_h
0.0,0.0,0.0
0.0078125,0.024541228522912288,0.02454307657143985
0.015625,0.049067674327418015,0.049082457045824576
0.0234375,0.07356456359966743,0.07361444588271766
0.03125,0.0980171403295606,0.09813534865483603
0.0390625,0.1224106751992162,0.12264147260441716
0.046875,0.14673047445536175,0.14712912719933485
0.0546875,0.17096188876030122,0.1715946246888798
0.0625,0.19509032201612825,0.1960342806591212
0.0703125,0.2191012401568698,0.22044441458776612
0.078125,0.24298017990326387,0.2448213503984324
0.08593749999999999,0.26671275747489837,0.26916141701425234
0.09375,0.29028467725446233,0.2934609489107235
0.10156250000000001,0.3136817403988915,0.3177162866677229
0.109375,0.33688985339222005,0.34192377752060243
0.11718749999999999,0.3598950365349881,0.3660797759102819
0.125,0.3826834323650898,0.3901806440322565
0.1328125,0.40524131400498986,0.4142227523844371
0.140625,0.4275550934302821,0.4382024803137396
0.1484375,0.44961132965460654,0.4621162165613422
0.15625,0.47139673682599764,0.48596035980652774
0.1640625,0.49289819222978404,0.5097313192090291
0.17187499999999997,0.5141027441932217,0.5334255149497967
0.1796875,0.5349976198870972,0.5570393787701061
0.1875,0.5555702330196022,0.5805693545089247
0.1953125,0.5758081914178453,0.6040118986384562
0.20312500000000003,0.5956993044924334,0.627363480797783
0.2109375,0.6152315905806268,0.6506205843245259
0.21875,0.6343932841636455,0.6737797067844401
0.2265625,0.6531728429537768,0.6968373604988691
0.23437499999999997,0.6715589548470183,0.7197900730699762
0.2421875,0.6895405447370668,0.7426343879036751
0.25,0.7071067811865476,0.7653668647301796
0.2578125,0.7242470829514669,0.7879840801220962
0.265625,0.7409511253549591,0.8104826280099797
0.2734375,0.7572088465064846,0.8328591201952743
0.28125,0.7730104533627369,0.8551101868605642
0.2890625,0.7883464276266062,0.8772324770770553
0.296875,0.8032075314806448,0.8992226593092131
0.3046875,0.8175848131515837,0.92107742191648
0.3125,0.8314696123025452,0.9427934736519953
0.3203125,0.844853565249707,0.9643675441582454
0.328125,0.8577286100002721,0.9857963844595681
0.3359375,0.8700869911087113,1.0070767674514352
0.34374999999999994,0.8819212643483549,1.0282054883864433
0.3515625,0.8932243011955153,1.049179365356938
0.359375,0.9039892931234433,1.0699952397741943
0.3671875,0.9142097557035307,1.090649976844093
0.375,0.9238795325112867,1.1111404660392044
0.3828125,0.9329927988347388,1.1314636215672262
0.390625,0.9415440651830208,1.1516163828356907
0.3984375,0.9495281805930367,1.1715957149128777
0.40625000000000006,0.9569403357322089,1.1913986089848667
0.4140625,0.9637760657954398,1.211022082808651
0.421875,0.970031253194544,1.2304631811612536
0.4296875,0.9757021300385286,1.2497189762847727
0.4375,0.9807852804032304,1.268786568327291
0.4453125,0.9852776423889412,1.2876630857795828
0.453125,0.989176509964781,1.3063456859075535
0.4609375,0.99247953459871,1.3248315551803436
0.46874999999999994,0.9951847266721968,1.3431179096940367
0.4765625,0.9972904566786902,1.361201995590906
0.484375,0.9987954562051724,1.3790810894741337
0.4921875,0.9996988186962042,1.3967524988179456
0.5,1.0,1.4142135623730951
0.5078125,0.9996988186962042,1.4314616505676372
0.515625,0.9987954562051724,1.4484941659029338
0.5234375,0.9972904566786902,1.4653085433448256
0.53125,0.9951847266721969,1.4819022507099182
0.5390625,0.99247953459871,1.4982727890469185
0.546875,0.989176509964781,1.5144176930129691
0.5546875,0.9852776423889412,1.530334531244918
0.5625,0.9807852804032304,1.5460209067254738
0.5703125,0.9757021300385286,1.561474457144189
0.578125,0.970031253194544,1.5766928552532125
0.5859375,0.9637760657954398,1.591673809217767
0.59375,0.9569403357322089,1.6064150629612897
0.6015625,0.9495281805930367,1.6209143965051895
0.609375,0.9415440651830208,1.6351696263031674
0.6171875,0.9329927988347388,1.6491786055700506
0.625,0.9238795325112867,1.6629392246050905
0.6328125,0.9142097557035307,1.676449411109676
0.640625,0.9039892931234434,1.689707130499414
0.6484375000000001,0.8932243011955152,1.7027103862105304
0.65625,0.881921264348355,1.7154572200005442
0.6640625,0.8700869911087115,1.7279457122431734
0.671875,0.8577286100002721,1.7401739822174227
0.6796875,0.8448535652497072,1.7521401883908132
0.6874999999999999,0.8314696123025453,1.7638425286967099
0.6953125,0.8175848131515837,1.7752792408057079
0.703125,0.8032075314806449,1.7864486023910306
0.7109375,0.7883464276266063,1.7973489313879076
0.71875,0.7730104533627371,1.8079785862468867
0.7265624999999999,0.7572088465064847,1.8183359661810445
0.734375,0.740951125354959,1.8284195114070614
0.7421875,0.7242470829514669,1.8382277033801155
0.75,0.7071067811865476,1.8477590650225735
0.7578125,0.689540544737067,1.8570121609464312
0.765625,0.6715589548470186,1.8659855976694777
0.7734375000000001,0.6531728429537766,1.87467802382515
0.78125,0.6343932841636455,1.8830881303660416
0.7890625,0.6152315905806269,1.8912146507610426
0.796875,0.5956993044924335,1.8990563611860733
0.8046875,0.5758081914178454,1.9066120807083875
0.8125000000000001,0.5555702330196022,1.9138806714644179
0.8203125,0.5349976198870972,1.9208610388311316
0.828125,0.5141027441932218,1.9275521315908797
0.8359375,0.49289819222978415,1.9339529420897041
0.84375,0.4713967368259978,1.940062506389088
0.8515624999999999,0.4496113296546069,1.9458799044111201
0.859375,0.42755509343028203,1.9514042600770571
0.8671875,0.4052413140049899,1.9566347414392553
0.875,0.3826834323650899,1.9615705608064609
0.8828125,0.35989503653498833,1.9662109748624326
0.890625,0.33688985339222033,1.9705552847778824
0.8984375000000001,0.3136817403988914,1.9746028363157169
0.90625,0.2902846772544624,1.978353019929562
0.9140625,0.2667127574748985,1.98180527085556
0.921875,0.24298017990326407,1.98495906919742
0.9296875,0.21910124015687005,1.9878139400047121
0.9374999999999999,0.1950903220161286,1.9903694533443936
0.9453125,0.17096188876030122,1.992625224365556
0.953125,0.1467304744553618,1.9945809133573804
0.9609375,0.12241067519921635,1.9962362258002984
0.96875,0.09801714032956083,1.9975909124103448
0.9765624999999999,0.07356456359966773,1.998644769176699
0.984375,0.049067674327417966,1.9993976373924085
0.9921875,0.024541228522912326,1.999849403678289
1.0,1.2246467991473532e-16,2.0
